District,Households_Rural,Housholds_Rural_Liavable,Households_Rural_Dilapidated,Households_Rural_Toilet_Premise,Households_Urban,Housholds_Urban_Liavable,Households_Urban_Dilapidated,Households_Urban_Toilet_Premise
Kupwara,158438.0,92052.478,13150.354000000001,77476.182,23226.0,11496.87,1114.848,16304.652
Badgam,160649.0,74380.487,6265.311,133820.617,27190.0,9190.22,706.94,24579.760000000002
Leh(Ladakh),36920.0,19013.8,775.32,32526.52,17474.0,9540.804,192.21400000000003,16740.092
Kargil,40370.0,29591.21,1412.95,39078.16,7774.0,5348.512,93.288,7579.650000000001
Punch,132139.0,78622.705,3171.336,18103.042999999998,15269.0,4168.437,122.15200000000002,11497.556999999999
Rajouri,196070.0,103721.03,5293.89,19999.14,17508.0,3256.4880000000007,297.63599999999997,14969.34
Kathua,181374.0,66564.258,6348.09,25755.108,33473.0,9037.710000000001,1037.663,22460.382999999998
Baramula,210543.0,97060.323,11158.778999999999,156433.449,48932.0,16636.88,2446.6,45262.1
Bandipore,80521.0,43239.777,5958.554,56445.221,17555.0,5442.05,754.865,16554.365
Srinagar,4518.0,1734.9119999999998,284.63399999999996,4007.4660000000003,257721.0,59791.272000000004,5669.862000000001,252824.30099999998
Ganderbal,63788.0,30235.512,6059.86,44332.66,13558.0,2982.76,610.11,12378.454
Pulwama,147520.0,63433.6,6785.92,92495.04000000001,21703.0,9202.072,651.09,19771.432999999997
Shupiyan,75616.0,25104.512000000002,4461.344,44613.44,5272.0,1813.568,173.976,4997.856
Anantnag,207067.0,89660.011,10560.417,105190.036,70666.0,20139.81,2190.646,53352.83
Kulgam,95952.0,47016.48,4509.744000000001,40011.984000000004,25178.0,10574.76,1057.476,14729.130000000001
Doda,122267.0,73360.2,1956.2720000000002,29344.08,11350.0,2689.9500000000003,329.15000000000003,10600.9
Ramban,84281.0,43404.715000000004,1769.901,15002.018,5341.0,1030.813,128.184,4417.0070000000005
Kishtwar,72378.0,37636.56,2460.852,14475.6,5993.0,809.0550000000001,41.95099999999999,5597.462
Udhampur,148664.0,66452.808,2973.28,11001.136,34696.0,5898.32,624.528,26056.695999999996
Reasi,95572.0,52469.028,1433.58,8601.48,12261.0,4843.095,134.871,9661.668
Jammu,254566.0,97753.34400000001,12473.734000000002,62623.236000000004,248043.0,56057.71800000001,8433.462,210588.50700000004
Samba,94247.0,28745.335,3110.151,24504.22,19989.0,3558.0420000000004,219.87900000000002,14132.223
Chamba,186395.0,70830.1,4287.084999999999,90960.76,13836.0,2573.496,96.85199999999999,12037.32
Kangra,588321.0,148845.21300000002,8236.493999999999,378878.72400000005,39007.0,7411.33,624.1120000000001,32102.761000000002
Kullu,167995.0,46198.625,2015.94,91053.29000000001,20709.0,3189.1860000000006,269.217,18762.354
Mandi,431129.0,120716.12,6898.064,353525.78,31696.0,5483.408,221.87199999999999,29160.32
Hamirpur,196116.0,42361.056000000004,1961.16,174739.35599999997,15232.0,2619.904,91.392,14059.135999999999
Hamirpur,196116.0,42361.056000000004,1961.16,174739.35599999997,55300.0,9511.6,331.8,51041.9
Hamirpur,196116.0,42361.056000000004,1961.16,174739.35599999997,15232.0,5651.072000000001,243.71200000000002,10464.384
Hamirpur,196116.0,42361.056000000004,1961.16,174739.35599999997,55300.0,20516.3,884.8000000000001,37991.1
Hamirpur,256081.0,55313.49600000001,2560.81,228168.17099999997,15232.0,2619.904,91.392,14059.135999999999
Hamirpur,256081.0,55313.49600000001,2560.81,228168.17099999997,55300.0,9511.6,331.8,51041.9
Hamirpur,256081.0,55313.49600000001,2560.81,228168.17099999997,15232.0,5651.072000000001,243.71200000000002,10464.384
Hamirpur,256081.0,55313.49600000001,2560.81,228168.17099999997,55300.0,20516.3,884.8000000000001,37991.1
Hamirpur,196116.0,99038.58,2941.7400000000002,49029.0,15232.0,2619.904,91.392,14059.135999999999
Hamirpur,196116.0,99038.58,2941.7400000000002,49029.0,55300.0,9511.6,331.8,51041.9
Hamirpur,196116.0,99038.58,2941.7400000000002,49029.0,15232.0,5651.072000000001,243.71200000000002,10464.384
Hamirpur,196116.0,99038.58,2941.7400000000002,49029.0,55300.0,20516.3,884.8000000000001,37991.1
Hamirpur,256081.0,129320.905,3841.215,64020.25,15232.0,2619.904,91.392,14059.135999999999
Hamirpur,256081.0,129320.905,3841.215,64020.25,55300.0,9511.6,331.8,51041.9
Hamirpur,256081.0,129320.905,3841.215,64020.25,15232.0,5651.072000000001,243.71200000000002,10464.384
Hamirpur,256081.0,129320.905,3841.215,64020.25,55300.0,20516.3,884.8000000000001,37991.1
Una,185091.0,46828.023,2591.274,108833.50799999999,20126.0,4910.744,966.048,15013.996
Bilaspur,152458.0,41011.202,1981.954,104891.104,11987.0,2025.8029999999999,95.896,11207.845
Bilaspur,152458.0,41011.202,1981.954,104891.104,188174.0,31801.405999999995,1505.392,175942.69
Bilaspur,152458.0,41011.202,1981.954,104891.104,11987.0,4327.307,371.59700000000004,7875.459000000001
Bilaspur,152458.0,41011.202,1981.954,104891.104,188174.0,67930.814,5833.394,123630.31800000001
Bilaspur,549632.0,147851.008,7145.216,378146.81600000005,11987.0,2025.8029999999999,95.896,11207.845
Bilaspur,549632.0,147851.008,7145.216,378146.81600000005,188174.0,31801.405999999995,1505.392,175942.69
Bilaspur,549632.0,147851.008,7145.216,378146.81600000005,11987.0,4327.307,371.59700000000004,7875.459000000001
Bilaspur,549632.0,147851.008,7145.216,378146.81600000005,188174.0,67930.814,5833.394,123630.31800000001
Bilaspur,152458.0,90102.67800000001,7927.816,25308.028000000002,11987.0,2025.8029999999999,95.896,11207.845
Bilaspur,152458.0,90102.67800000001,7927.816,25308.028000000002,188174.0,31801.405999999995,1505.392,175942.69
Bilaspur,152458.0,90102.67800000001,7927.816,25308.028000000002,11987.0,4327.307,371.59700000000004,7875.459000000001
Bilaspur,152458.0,90102.67800000001,7927.816,25308.028000000002,188174.0,67930.814,5833.394,123630.31800000001
Bilaspur,549632.0,324832.512,28580.864,91238.91200000001,11987.0,2025.8029999999999,95.896,11207.845
Bilaspur,549632.0,324832.512,28580.864,91238.91200000001,188174.0,31801.405999999995,1505.392,175942.69
Bilaspur,549632.0,324832.512,28580.864,91238.91200000001,11987.0,4327.307,371.59700000000004,7875.459000000001
Bilaspur,549632.0,324832.512,28580.864,91238.91200000001,188174.0,67930.814,5833.394,123630.31800000001
Solan,192787.0,47232.815,3662.953,133023.03,51509.0,9632.182999999999,721.126,46255.082
Sirmaur,171102.0,52870.518,4790.856,97357.03799999999,21054.0,4147.638,210.54,20232.894
Shimla,279269.0,68141.636,6423.187,167002.862,95896.0,17357.176,1246.6480000000001,86977.672
Gurdaspur,420860.0,207904.84,37877.4,210850.86000000002,185488.0,76235.568,9645.376,158777.728
Kapurthala,165433.0,68489.262,10091.412999999999,128045.142,95770.0,30646.4,3926.5699999999997,90119.57
Jalandhar,330339.0,154268.31300000002,20481.018,251057.64,377791.0,143938.371,18133.968,361923.778
Hoshiarpur,422673.0,173295.93,27473.745,240923.61000000002,128592.0,44107.056,6301.008000000001,114318.28800000002
Shahid Bhagat Singh Nagar,183168.0,73450.368,9891.072,122356.224,48383.0,17417.88,3144.895,41173.933
Fatehgarh Sahib,117559.0,45965.569,7523.776000000001,96986.175,57337.0,20239.961,2580.165,53839.44300000001
Ludhiana,395032.0,178159.432,28047.271999999997,345653.0,641789.0,262491.701,31447.661,621893.5410000001
Moga,214295.0,96861.34,15857.83,183007.93,74144.0,25802.111999999997,4967.648,70214.368
Firozpur,348522.0,177397.698,37640.376000000004,232115.652,153868.0,63239.748,10924.628,139558.276
Muktsar,149507.0,78939.696,15997.249,108093.561,74650.0,30083.95,6793.150000000001,67035.7
Faridkot,99946.0,48973.54,7695.842000000001,80056.746,58917.0,23802.467999999997,4772.277,54674.975999999995
Bathinda,218159.0,111479.24900000001,16143.766000000001,183908.03699999998,137563.0,44570.412000000004,7428.402000000001,128071.15299999999
Mansa,145603.0,67705.395,10483.416,91584.287,50786.0,17318.026,2996.3740000000003,43168.1
Patiala,299279.0,143653.92,21248.809,231342.667,218090.0,70224.98000000001,9159.78,211329.21
Amritsar,275477.0,152063.304,21487.206000000002,167490.016,385476.0,163827.30000000002,20815.704,360034.584
Tarn Taran,222717.0,124053.369,18040.077,144320.616,44457.0,19383.252,3156.447,38988.789
Rupnagar,148162.0,52745.672000000006,8889.72,84304.17799999999,60537.0,16708.212000000003,3026.85,55512.429000000004
Sahibzada Ajit Singh Nagar,117293.0,50670.57600000001,8562.389000000001,71196.85100000001,174042.0,41247.954,6613.596,160814.80800000002
Sangrur,292156.0,133515.29200000002,17821.516,229634.61599999998,156788.0,53935.072,7369.036,144244.96
Barnala,102577.0,50980.76900000001,6667.505,82266.754,54222.0,22231.02,3199.0980000000004,48908.244000000006
Chandigarh,8911.0,4179.259,249.508,7841.68,289456.0,76995.296,10130.960000000001,253563.45599999998
Uttarkashi,112148.0,30279.96,3364.44,44298.46,9061.0,1440.699,72.488,8290.815
Chamoli,163434.0,42983.142,4085.85,76813.98,22906.0,2657.096,206.15400000000002,20042.75
Rudraprayag,112705.0,22315.59,2141.395,57479.55,4454.0,432.03799999999995,13.362,4079.8639999999996
Tehri Garhwal,227059.0,62668.28400000001,6357.652,113756.55900000001,27177.0,2880.762,190.23899999999998,26062.743000000002
Dehradun,228245.0,60941.415,8901.555,170270.77,269393.0,54956.17199999999,6465.432,256462.13600000003
Garhwal,279682.0,70200.182,5034.276000000001,135086.406,36780.0,5296.32,404.58,34830.66
Pithoragarh,183687.0,46656.498,4224.8009999999995,88169.76,26256.0,2599.3440000000005,131.28,25337.04
Bageshwar,96031.0,24103.781000000003,2784.899,51376.585,3880.0,353.08,34.92,3492.0
Almora,260056.0,62673.49600000001,4420.952,134188.896,21082.0,3056.89,274.06600000000003,19374.358
Champawat,85202.0,34336.405999999995,5112.12,34421.608,12839.0,3607.7590000000005,757.5010000000001,10258.361
Nainital,193086.0,61208.262,9847.386,134001.684,105577.0,20904.246000000003,3167.31,100086.996
Udham Singh Nagar,269406.0,123657.354,18050.202,153292.014,145253.0,52872.092000000004,5810.12,133632.76
Hardwar,301828.0,145782.924,15996.884,151517.65600000002,186183.0,47104.299000000006,4096.026000000001,172405.458
Panchkula,70895.0,24955.04,3473.855,31193.8,93656.0,21259.911999999997,4401.832,82042.656
Ambala,175365.0,77511.33000000002,7540.695,89611.515,139891.0,39729.044,4616.403,124922.66299999999
Yamunanagar,214464.0,101012.54400000001,13725.696000000002,98653.44,143259.0,48564.801,5730.36,131655.021
Kurukshetra,203553.0,93634.38,8752.778999999999,140655.123,88268.0,26127.328000000005,3089.38,81559.632
Kaithal,231091.0,112079.13500000001,11092.368,133339.507,75696.0,27931.824,3103.536,62600.592000000004
Karnal,292682.0,139023.95,14341.418000000001,200779.85199999998,135920.0,39824.56,3533.92,124502.72
Panipat,173502.0,82586.952,7287.084000000001,115725.834,153804.0,59983.56,4460.316,145959.996
Sonipat,283858.0,142496.71600000001,13341.326000000001,159528.19600000003,133576.0,47553.056000000004,4541.584,123157.07200000001
Jind,278335.0,142229.185,13916.75,142785.855,89665.0,30396.435,2510.62,78546.54
Fatehabad,203020.0,94201.28,11572.14,148001.58000000002,55360.0,18711.679999999997,2712.64,50322.24
Sirsa,245476.0,102363.49200000001,14483.084000000003,214791.5,93316.0,30794.28,3825.9559999999997,89490.04400000001
Hisar,302013.0,140436.045,16610.715,188758.125,154113.0,49624.386000000006,5085.728999999999,137931.135
Bhiwani,357047.0,163884.573,18923.490999999998,175667.12400000004,99235.0,41281.76,4366.340000000001,86135.98
Rohtak,175203.0,86375.07900000001,8234.541,102318.552,131739.0,43869.08699999999,3556.9530000000004,121331.61899999999
Jhajjar,211816.0,95529.016,10378.984,123912.36,78328.0,32036.152,3524.76,71826.77600000001
Mahendragarh,223726.0,94188.646,6935.506,87253.14,44216.0,16448.352000000003,1238.048,34134.752
Rewari,199449.0,83170.23300000001,6581.817,99325.602,69305.0,21484.55,1663.32,60849.79
Gurgaon,141703.0,55689.278999999995,4534.496,92957.16799999999,381988.0,104664.712,14897.532,350282.99600000004
Mewat,187398.0,109440.432,16865.82,33356.844,36237.0,14929.644000000002,1739.3760000000002,22648.125
Faridabad,87700.0,37886.40000000001,3771.1,51392.200000000004,382981.0,149745.571,9191.544,341619.052
Palwal,186069.0,95081.259,11722.347,59728.149000000005,63090.0,22838.58,2271.2400000000002,52238.520000000004
North West,67592.0,31497.872000000003,3041.64,43326.471999999994,959275.0,329990.60000000003,31656.075,824017.225
North,4512.0,1141.536,40.608000000000004,4421.76,296559.0,110023.38900000001,10379.565,266606.541
North East,5326.0,1938.664,149.128,5059.7,482255.0,171682.78,9645.1,458624.505
East,1086.0,72.762,13.032,1065.366,461132.0,111593.944,8761.508,430697.28800000006
West,1809.0,873.747,32.562000000000005,1575.639,699703.0,201514.46400000004,19591.684,629032.9970000001
South West,41179.0,14618.545,1358.907,36113.983,606503.0,168001.33099999998,15769.078000000001,553130.736
South,2918.0,1205.134,134.228,2643.708,728145.0,220627.935,21116.205,640767.6
Ganganagar,397697.0,167430.437,9942.425000000001,323327.66099999996,164897.0,53096.834,5441.601,154343.592
Hanumangarh,389059.0,143173.712,9337.416,320195.557,108694.0,34999.468,3369.514,102063.66600000001
Bikaner,335754.0,169891.52400000003,16451.946,99047.43000000001,196179.0,53556.867000000006,3335.043,181661.754
Churu,344897.0,135199.624,20004.025999999998,162101.59,148996.0,45294.78399999999,3277.9120000000003,130371.5
Jhunjhunun,500452.0,122110.28799999999,12010.848,228706.564,150357.0,38190.678,2706.4260000000004,124044.52500000001
Alwar,782294.0,309006.13,28162.584,115779.51200000002,212967.0,61334.49600000001,3407.472,168882.83099999998
Bharatpur,344332.189274448,187661.0431545742,16183.61289589906,26857.910763406944,129697.0,54472.74,3112.728,90139.41500000001
Dhaulpur,214670.0,125367.28,14168.220000000001,10304.16,58626.0,23333.147999999997,2051.91,36817.128
Karauli,305047.0,190349.328,17082.632,25013.854,59308.0,24612.82,1838.5480000000002,37008.191999999995
Sawai Madhopur,282057.0,155695.464,12410.508000000002,24821.016000000003,71264.0,24799.872,1852.864,51452.608
Dausa,361084.0,170070.564,19137.452,33580.812000000005,59610.0,15975.48,834.54,45899.700000000004
Jaipur,754841.0,321562.266,31703.322000000004,166065.02,977838.0,264994.098,11734.055999999999,886899.0660000001
Sikar,527560.0,165653.84,14771.68,212079.12,178274.0,47955.706,2852.3840000000005,150998.078
Nagaur,675712.0,313530.368,42569.856,179063.68,166489.0,53276.48,3995.736,134190.134
Jodhpur,584215.0,289186.425,30379.18,80037.455,307442.0,79320.03600000001,5226.514,277005.24199999997
Jaisalmer,159117.0,89264.63700000002,5091.744000000001,26572.539,30830.0,12455.32,524.11,20501.95
Barmer,542825.0,322438.05,28769.725000000002,52654.025,55980.0,16234.2,1399.5,46351.44
Jalor,419216.0,218411.53600000002,35214.14400000001,47371.40800000001,48202.0,17593.73,1928.08,29837.038
Sirohi,238535.0,121175.78,16458.915,38642.67,69639.0,18663.252,1323.141,47493.798
Pali,512909.0,256967.409,27697.086000000003,95913.983,139808.0,46416.25600000001,3495.2000000000003,96607.328
Ajmer,409335.0,204258.165,13917.39,57716.235,274919.0,76702.401,3024.1090000000004,236980.178
Tonk,298911.0,161710.851,5679.309,20624.859,81755.0,29677.065000000002,2043.875,53713.035
Bundi,239836.0,135027.668,8154.424,19906.388000000003,63452.0,21319.872000000003,1269.04,40736.184
Bhilwara,530015.0,294158.325,19080.54,55651.575000000004,145865.0,43905.365,1896.2450000000001,108961.155
Rajsamand,304622.0,166323.61200000002,12794.124000000002,34422.286,61054.0,18865.685999999998,610.54,43592.556000000004
Dungarpur,322816.0,200468.73600000003,20014.592,29376.256,31547.0,8076.032000000001,662.487,23376.326999999997
Banswara,390437.0,267839.782,35529.767,26940.153000000002,39407.0,9260.645,906.3609999999999,32510.775
Chittaurgarh,366780.0,201362.22,13204.08,35210.88,88873.0,23817.964,1599.714,64432.925
Kota,203454.0,94199.20199999999,5696.7119999999995,25024.842000000004,311735.0,91338.355,5922.965,239412.48
Baran,249184.0,126336.28800000002,7724.704000000001,18688.8,69804.0,24361.596,1396.08,39997.691999999995
Jhalawar,298624.0,178278.52800000002,12840.832,21500.928000000004,63763.0,19128.9,1339.0230000000001,42657.447
Udaipur,665449.0,399934.849,25287.061999999998,61886.757000000005,182769.0,40209.18,2193.228,157546.878
Pratapgarh,209813.0,132601.81600000002,5245.325,13008.406,24269.0,5824.56,339.766,17012.569
Pratapgarh,209813.0,132601.81600000002,5245.325,13008.406,41701.0,10008.24,583.814,29232.400999999998
Pratapgarh,209813.0,132601.81600000002,5245.325,13008.406,24269.0,7693.272999999999,728.07,15556.429
Pratapgarh,209813.0,132601.81600000002,5245.325,13008.406,41701.0,13219.217,1251.03,26730.340999999997
Pratapgarh,711085.0,449405.72000000003,17777.125,44087.270000000004,24269.0,5824.56,339.766,17012.569
Pratapgarh,711085.0,449405.72000000003,17777.125,44087.270000000004,41701.0,10008.24,583.814,29232.400999999998
Pratapgarh,711085.0,449405.72000000003,17777.125,44087.270000000004,24269.0,7693.272999999999,728.07,15556.429
Pratapgarh,711085.0,449405.72000000003,17777.125,44087.270000000004,41701.0,13219.217,1251.03,26730.340999999997
Pratapgarh,209813.0,93786.41100000002,13218.219,23708.869000000002,24269.0,5824.56,339.766,17012.569
Pratapgarh,209813.0,93786.41100000002,13218.219,23708.869000000002,41701.0,10008.24,583.814,29232.400999999998
Pratapgarh,209813.0,93786.41100000002,13218.219,23708.869000000002,24269.0,7693.272999999999,728.07,15556.429
Pratapgarh,209813.0,93786.41100000002,13218.219,23708.869000000002,41701.0,13219.217,1251.03,26730.340999999997
Pratapgarh,711085.0,317854.99500000005,44798.355,80352.60500000001,24269.0,5824.56,339.766,17012.569
Pratapgarh,711085.0,317854.99500000005,44798.355,80352.60500000001,41701.0,10008.24,583.814,29232.400999999998
Pratapgarh,711085.0,317854.99500000005,44798.355,80352.60500000001,24269.0,7693.272999999999,728.07,15556.429
Pratapgarh,711085.0,317854.99500000005,44798.355,80352.60500000001,41701.0,13219.217,1251.03,26730.340999999997
Saharanpur,605082.0,281363.13,34489.674,259580.178,284156.0,105990.188,8808.836,261423.52000000002
Muzaffarnagar,673746.0,338220.492,30992.315999999995,369886.554,296104.0,118441.6,9475.328000000001,274192.304
Bijnor,683875.0,359718.25,37613.125,344673.0,224648.0,95924.69600000001,7188.736000000001,207574.75200000004
Moradabad,692398.0,439672.73,41543.88,330966.244,355518.0,164249.31600000002,11376.576000000001,332764.848
Rampur,396775.0,257506.97500000003,24600.05,223781.1,143217.0,69460.245,5585.463,135053.631
Jyotiba Phule Nagar,335888.0,203212.24,19817.392000000003,135362.864,115486.0,58551.402,4619.4400000000005,106247.12
Meerut,381520.0,190378.48,15642.319999999998,202587.12,422303.0,151606.777,8868.363000000001,392319.487
Baghpat,246055.0,128686.765,7873.76,144680.34,69991.0,32545.815000000002,2169.721,60542.215000000004
Ghaziabad,355407.0,180191.34900000002,12794.652,212533.38599999997,836316.0,285183.756,15053.688,792827.568
Gautam Buddha Nagar,170835.0,72263.20499999999,4100.04,88321.695,338935.0,95240.735,4406.155,310125.525
Bulandshahr,658449.0,370706.78699999995,28313.306999999997,203460.74099999998,221628.0,95964.92399999998,6205.583999999999,188383.80000000002
Aligarh,582117.0,330060.33900000004,25031.031000000003,124573.03799999999,275942.0,116999.408,7450.434,232895.048
Mahamaya Nagar,288150.0,158770.65,12102.300000000001,47544.75,84883.0,39385.712,2716.2560000000003,61709.941000000006
Mathura,407488.0,217191.104,16299.52,79867.64800000002,177802.0,72009.81,4089.446,144375.22400000002
Agra,496971.0,262897.659,21369.752999999997,82497.186,406852.0,155417.464,7730.187999999999,333618.64
Firozabad,349747.0,201454.272,23433.049,39871.158,185621.0,96708.541,7424.84,152394.841
Mainpuri,338475.0,180745.65,25385.625,45694.125,72783.0,30277.728000000003,3202.452,54878.382000000005
Budaun,710956.0,464965.22400000005,57587.435999999994,149300.76,156668.0,81154.02399999999,9870.084,121417.7
Bareilly,631613.0,397916.19,48634.20100000001,282962.624,362798.0,169063.86800000002,14511.92,334862.554
Pilibhit,371752.0,233088.50400000002,34201.184,131971.96,89638.0,40874.92800000001,7529.592000000001,79598.544
Shahjahanpur,520289.0,319977.735,62434.68,140478.03,134714.0,66952.85800000001,11046.547999999999,115719.32600000002
Kheri,754938.0,483160.32,83798.118,138153.654,107672.0,49313.776,9582.808,82046.064
Sitapur,827583.0,512273.877,100137.54299999999,98482.37700000001,111319.0,47199.255999999994,9462.115,80149.68000000001
Hardoi,786613.0,490059.899,65288.87900000001,136870.66199999998,121064.0,56173.695999999996,7990.223999999999,89587.36
Unnao,596317.0,351827.03,43531.140999999996,94218.086,121039.0,53499.23800000001,6172.989,86784.963
Lucknow,344155.0,196856.66,28564.865000000005,73993.325,717566.0,223163.026,29420.206,629305.3820000001
Rae Bareli,705025.0,390583.85000000003,54991.950000000004,94473.35,73393.0,25027.013000000003,3816.4360000000006,52182.423
Farrukhabad,316647.0,188721.612,27231.641999999996,75678.633,94843.0,43343.251000000004,4457.621,77486.73100000001
Kannauj,299785.0,174774.655,26381.08,65053.345,65985.0,28571.505,3893.1150000000002,49884.66
Etawah,265643.0,145306.72100000002,20720.154,52597.314000000006,85483.0,34620.615,3590.2860000000005,71292.822
Auraiya,255836.0,141221.472,23025.24,52190.543999999994,58438.0,22557.068000000003,2337.52,43945.376000000004
Kanpur Dehat,363933.0,206713.944,30570.372000000003,83704.59,41323.0,16322.585000000001,2438.0570000000002,27397.149
Kanpur Nagar,364869.0,214542.972,25175.961000000003,86109.084,684906.0,265058.62200000003,32875.488,583539.912
Jalaun,304856.0,174682.488,8840.824,86274.248,91565.0,37633.215000000004,3204.775,69223.13999999998
Jhansi,309592.0,146746.60799999998,6191.84,64085.543999999994,195321.0,64260.609,3711.0989999999997,139849.836
Lalitpur,258013.0,136230.864,6966.3510000000015,30961.56,43819.0,15862.478000000001,1139.294,27562.151
Mahoba,198298.0,100537.08600000001,3371.066,35297.044,48525.0,23631.675,776.4,26543.175
Banda,378056.0,199991.62399999998,4158.616,75611.2,67569.0,23784.288000000004,1148.673,49663.215000000004
Chitrakoot,207237.0,108799.425,3730.2660000000005,24453.966,23558.0,11001.586000000001,636.066,13828.546000000002
Fatehpur,558807.0,320755.218,31851.999,102261.681,77733.0,31792.797,3342.519,56045.493
Kaushambi,349856.0,193120.512,15393.664000000002,48280.128,30764.0,13197.756,1353.616,15812.695999999998
Allahabad,983266.0,479833.80799999996,45230.236,153389.496,265304.0,80917.72,7693.816,222855.36000000002
Bara Banki,635840.0,323642.56,75664.96,83930.88,79068.0,31231.86,6957.984,53608.10399999999
Faizabad,510378.0,262334.292,47465.154,74004.81,79288.0,28622.968000000004,3885.112,60417.456000000006
Ambedkar Nagar,501559.0,232723.376,49654.34100000001,69716.701,65031.0,27313.02,6373.0380000000005,35376.864
Sultanpur,839737.0,418189.02599999995,72217.382,110005.54699999999,49891.0,14817.627,2195.204,36370.539000000004
Bahraich,698520.0,430986.84,60072.72,73344.6,61742.0,25931.64,3519.2940000000003,49084.89
Shrawasti,248770.0,139808.74,16916.36,25872.08,8504.0,3189.0,850.4,5357.52
Balrampur,410070.0,232509.69,27474.690000000002,41827.14,35768.0,14486.04,1466.4879999999998,25717.192000000003
Gonda,673578.0,344198.35800000007,76114.314,53212.662000000004,52794.0,17158.05,2322.936,40704.174
Siddharthnagar,480165.0,215113.92,31690.89,49937.16,33348.0,11805.192,1734.096,15640.212
Basti,513960.0,207125.88,51396.0,67328.76,31065.0,11090.205,2112.42,22397.865
Sant Kabir Nagar,324972.0,141037.848,33147.144,39971.556000000004,27179.0,10300.841,1739.4560000000001,13507.963000000002
Mahrajganj,573046.0,294545.644,50428.04800000001,95698.682,34033.0,13374.969,1973.914,19875.272
Gorakhpur,761958.0,356596.344,67814.262,141724.18800000002,189170.0,59777.72,6999.29,152092.68000000002
Kushinagar,742324.0,414959.11600000004,63097.54,109863.95200000002,42775.0,16553.925000000003,4020.85,26648.825
Deoria,597778.0,277966.77,50811.130000000005,99828.92599999999,67928.0,22823.808000000005,4483.248,42387.072
Azamgarh,891024.0,430364.59199999995,80192.16,149692.032,80434.0,30082.316000000003,3860.8320000000003,51960.363999999994
Mau,352207.0,166241.704,35572.907,61988.432,99321.0,43800.56100000001,6753.8279999999995,63068.835
Ballia,564927.0,269470.179,72310.656,125413.79400000001,64454.0,23267.894,5994.222000000001,39316.94
Jaunpur,926088.0,426926.568,66678.33600000001,142617.55200000003,80582.0,35858.99,3545.6080000000006,57857.876
Ghazipur,700173.0,358488.576,72817.992,130232.17800000001,61467.0,23603.327999999998,4487.090999999999,40260.885
Chandauli,344937.0,169019.13,23455.716,64848.15600000001,50822.0,18702.496,2337.812,35168.82400000001
Varanasi,438935.0,208933.06,29408.645,118951.38500000001,316129.0,113174.182,11064.515,281354.81
Sant Ravidas Nagar (Bhadohi),293510.0,140004.27,18197.62,36982.26,45997.0,20238.68,2621.829,25574.332000000002
Mirzapur,465152.0,240018.432,22327.296000000002,89309.18400000001,77963.0,31730.941000000003,2728.705,53404.655
Sonbhadra,337048.0,188072.78399999999,6066.8640000000005,46175.575999999994,91040.0,31317.760000000002,4278.88,64365.28
Etah,334246.0,189183.236,23397.22,30750.631999999998,67752.0,29404.368,2100.3120000000004,53049.816
Kanshiram Nagar,271234.0,166808.91,24139.826,30378.208,72490.0,36317.49,3189.56,55744.81
Pashchim Champaran,839514.0,531412.362,41136.186,96544.11,96620.0,50145.78,7149.88,52078.18
Purba Champaran,1142260.0,639665.6,63966.560000000005,177050.30000000002,101565.0,43571.385,5789.205,54845.1
Sheohar,158484.0,94456.464,5388.456,31379.832000000002,7516.0,3382.2000000000003,601.28,2773.4039999999995
Sitamarhi,807294.0,473881.57800000004,50052.228,150963.978,49670.0,20762.059999999998,3228.55,30050.350000000002
Madhubani,1047552.0,532156.416,49234.944,181226.496,41234.0,17606.918,2927.6139999999996,22884.87
Supaul,572287.0,355390.227,28042.063000000002,52078.117000000006,27815.0,14408.17,2169.57,13017.42
Araria,659061.0,424435.28400000004,24385.257,44157.087,44213.0,21443.305,2829.632,24007.659
Kishanganj,401793.0,249915.246,14062.755000000001,24911.166,43357.0,20117.648,3425.203,22502.283
Purnia,712847.0,464063.39699999994,36355.197,61304.842000000004,85749.0,39530.289,8317.653,50677.65900000001
Katihar,668232.0,414303.84,33411.6,84865.464,69838.0,29541.474,4958.498,47839.03
Madhepura,486278.0,311217.92,30149.236,54949.414000000004,24000.0,11016.0,2087.9999999999995,12312.0
Saharsa,432651.0,278194.593,28554.965999999997,54081.375,38046.0,16397.826,2815.4040000000005,25719.095999999998
Darbhanga,907174.0,478987.872,73481.094,189599.36599999998,95539.0,38215.6,8598.51,64011.130000000005
Muzaffarpur,998694.0,603211.176,83890.296,218713.98599999998,120700.0,43693.4,8207.6,93059.7
Gopalganj,515925.0,273956.175,41274.0,93382.425,38133.0,15100.668000000001,2326.113,19371.564
Siwan,632514.0,294751.52400000003,51866.148,127767.828,41858.0,14399.152,2553.3379999999997,29886.612
Saran,701323.0,360480.02199999994,61015.100999999995,124835.494,76299.0,31664.085,6027.621,45016.41
Vaishali,699317.0,397911.37299999996,86015.991,174829.25,51494.0,22966.324,5458.3640000000005,31926.280000000002
Samastipur,1012979.0,599683.5680000001,98258.96299999999,172206.43,43486.0,16785.596,2826.59,30527.172000000002
Begusarai,594377.0,339389.26700000005,68947.732,151566.135,139248.0,60572.880000000005,13646.304000000002,80346.096
Khagaria,373696.0,219733.24800000002,33258.944,81092.032,21007.0,9936.311,1512.504,13927.641
Bhagalpur,522527.0,307245.876,45982.376000000004,131154.277,130634.0,55911.35199999999,10058.818000000001,93664.57800000001
Banka,425604.0,257490.42,28941.071999999996,47242.043999999994,18492.0,8672.748,943.092,8284.416
Munger,222281.0,130256.666,17560.199,58015.34100000001,85782.0,33626.544,5747.394,63650.244000000006
Lakhisarai,175882.0,103594.49799999999,13542.914000000002,47136.376000000004,31763.0,16612.049,2668.092,19566.008
Sheikhpura,108293.0,64975.8,10179.542000000001,26315.199,24345.0,10882.215,1801.53,12708.09
Nalanda,514141.0,306428.036,48843.395000000004,117224.14800000002,102522.0,42854.195999999996,7279.062,75456.192
Patna,657991.0,384266.744,59877.181,181605.51600000003,552103.0,171151.93,28709.356,477569.09500000003
Bhojpur,434559.0,251175.10199999998,37806.633,89084.595,77368.0,31798.248000000003,6344.1759999999995,53074.448
Buxar,299252.0,169975.13599999997,31421.46,59850.4,35405.0,14020.380000000001,3115.64,23792.16
Kaimur (Bhabua),325143.0,196061.229,21134.295000000002,47145.735,15299.0,5125.165,703.7539999999999,10739.898000000001
Rohtas,512383.0,295644.99100000004,32792.512,108112.81300000001,95678.0,39993.404,5645.002,65443.752
Aurangabad,428291.0,247552.19799999997,28267.206,73666.052,49006.0,20141.466,2646.324,33324.08
Aurangabad,428291.0,247552.19799999997,28267.206,73666.052,427343.0,175637.973,23076.522,290593.24
Aurangabad,428291.0,247552.19799999997,28267.206,73666.052,49006.0,11075.356000000002,686.084,42831.244000000006
Aurangabad,428291.0,247552.19799999997,28267.206,73666.052,427343.0,96579.51800000001,5982.802,373497.78200000006
Aurangabad,551789.0,318934.042,36418.074,94907.70799999998,49006.0,20141.466,2646.324,33324.08
Aurangabad,551789.0,318934.042,36418.074,94907.70799999998,427343.0,175637.973,23076.522,290593.24
Aurangabad,551789.0,318934.042,36418.074,94907.70799999998,49006.0,11075.356000000002,686.084,42831.244000000006
Aurangabad,551789.0,318934.042,36418.074,94907.70799999998,427343.0,96579.51800000001,5982.802,373497.78200000006
Aurangabad,428291.0,170031.52700000003,34263.28,84801.618,49006.0,20141.466,2646.324,33324.08
Aurangabad,428291.0,170031.52700000003,34263.28,84801.618,427343.0,175637.973,23076.522,290593.24
Aurangabad,428291.0,170031.52700000003,34263.28,84801.618,49006.0,11075.356000000002,686.084,42831.244000000006
Aurangabad,428291.0,170031.52700000003,34263.28,84801.618,427343.0,96579.51800000001,5982.802,373497.78200000006
Aurangabad,551789.0,219060.233,44143.12,109254.22200000001,49006.0,20141.466,2646.324,33324.08
Aurangabad,551789.0,219060.233,44143.12,109254.22200000001,427343.0,175637.973,23076.522,290593.24
Aurangabad,551789.0,219060.233,44143.12,109254.22200000001,49006.0,11075.356000000002,686.084,42831.244000000006
Aurangabad,551789.0,219060.233,44143.12,109254.22200000001,427343.0,96579.51800000001,5982.802,373497.78200000006
Gaya,696289.0,437269.49199999997,55006.831000000006,114887.685,111282.0,40061.520000000004,5230.254,86577.396
Nawada,379551.0,236460.27300000002,39093.753000000004,65662.323,45323.0,17993.231,2900.672,31408.839
Jamui,325909.0,209233.578,26072.72,38783.171,30851.0,15086.139,2622.335,15086.139
Jehanabad,186660.0,114235.92,16986.06,41625.18,28132.0,11027.744000000002,1941.1080000000002,19045.364
Arwal,134334.0,83152.746,10478.052,30225.15,9960.0,5149.32,607.5600000000001,3884.4
North  District,11543.0,5228.978999999999,427.091,8657.25,2066.0,419.398,37.188,2010.2179999999998
West District,32091.0,16558.956000000002,2535.1890000000003,26988.530999999995,1886.0,290.444,124.47599999999998,1684.1979999999999
South District,31135.0,14104.155,1836.9650000000001,26433.615,8163.0,1248.939,73.467,7991.577000000001
East District,40626.0,16900.416,3046.9500000000003,34857.108,41512.0,7638.208,705.704,39394.888000000006
Tawang,10730.0,5032.37,439.92999999999995,7446.620000000002,2452.0,613.0,14.712000000000002,2390.7000000000003
West Kameng,17889.0,8640.386999999999,447.225,6958.821,172779.82417582418,72049.18668131868,5183.394725274726,151009.56632967034
East Kameng,14503.0,8440.746000000001,377.07800000000003,3190.66,5215.0,2466.6949999999997,130.375,3337.6
Papum Pare,20308.0,8996.444,812.32,11128.784,30180.0,9476.52,1056.3,27675.06
Upper Subansiri,14542.0,9146.918,363.55,5002.448,4672.0,1798.72,56.064,3975.872
West Siang,22272.0,9176.064,178.17600000000002,15835.392,8503.0,2550.9,178.563,8128.8679999999995
East Siang,19497.0,5459.16,292.455,9241.578,9524.0,5371.536,409.532,8638.268
Upper Siang,8569.0,2502.148,34.276,4824.347,2182.0,1036.45,24.002000000000002,1749.964
Changlang,33422.0,16644.156,568.174,21824.566000000003,6498.0,2488.734,51.98400000000001,5932.674
Tirap,18420.0,7975.860000000001,184.20000000000002,15767.52,6500.0,3068.0,97.5,5973.5
Lower Subansiri,18112.0,7281.024,271.68,12334.271999999999,5365.0,1314.425,37.555,5284.525000000001
Kurung Kumey,18603.0,8315.541000000001,2325.375,4371.705,1092.0,542.724,55.692,880.152
Dibang Valley,2055.0,1021.335,147.96,1329.585,1175.0,573.4,65.8,965.85
Lower Dibang Valley,12000.0,6324.0,384.0,5760.0,3950.0,1275.85,146.15,3499.7000000000003
Lohit,33599.0,18177.059,2015.94,16631.505,11372.0,5310.724,409.39200000000005,10143.824
Anjaw,6025.0,3181.2000000000003,361.5,1668.925,428.0,292.324,0.0,274.776
Mon,43607.0,27908.48,610.4979999999999,27341.589,7415.0,3611.105,415.24,6984.93
Mokokchung,37536.0,12799.776000000002,187.68,36147.168,17742.0,5854.86,124.194,17475.87
Zunheboto,31267.0,13820.014000000001,531.539,22418.439,6044.0,2181.884,12.088,5705.536
Wokha,38499.0,19865.484,384.99,22906.905,8170.0,1772.89,16.34,7900.39
Dimapur,49116.0,21954.852000000003,1571.7120000000002,44990.255999999994,62853.0,21747.138000000003,1319.9130000000002,60841.704
Phek,38903.0,21163.231999999996,933.672,29332.862,7295.0,2837.755,29.18,6828.12
Tuensang,40690.0,22379.5,1383.46,20263.62,9451.0,5094.089,292.98100000000005,8392.488
Longleng,12686.0,8385.446,279.09200000000004,8753.34,2451.0,1561.2870000000003,137.256,1855.4070000000002
Kiphire,16032.0,9170.304,160.32,5867.712,4290.0,1192.6200000000001,17.16,4088.37
Kohima,31845.0,10699.92,191.07,16623.09,44255.0,14117.345000000001,840.845,40714.6
Peren,20204.0,10708.12,181.836,15577.284,4073.0,2488.603,85.53300000000002,3783.817
Senapati,38008.0,22690.776,836.176,27555.8,1826.0,1157.684,32.868,1782.1759999999997
Tamenglong,23982.0,13573.812,2014.4880000000003,15924.048,4119.0,2253.0930000000003,428.376,3983.073
Churachandpur,52972.0,28392.992000000002,1218.356,43595.956,4853.0,2547.8250000000003,111.619,4794.764
Bishnupur,34977.0,12137.019000000002,2063.643,31864.047,21172.0,6372.772000000001,868.052,19986.368000000002
Thoubal,65961.0,22096.935,3627.855,60486.237,38302.0,10264.936,1991.704,36042.182
Imphal West,51055.0,16899.205,2705.915,46970.6,85746.0,26152.53,3772.8240000000005,82916.382
Imphal East,64421.0,23449.244,2963.366,58558.689000000006,46520.0,14653.800000000001,1488.64,44426.6
Ukhrul,36084.0,25403.136000000002,1876.3680000000002,29011.536,5806.0,3274.584,243.852,5579.566
Chandel,30377.0,17740.168,1245.4569999999999,23420.666999999998,3783.0,1539.681,590.148,3665.7270000000003
Mamit,16726.0,8312.822,986.8340000000001,13899.305999999999,4129.0,883.6059999999999,41.29,4075.323
Kolasib,9669.0,4554.099,212.71800000000005,9253.233,12507.0,4815.195,300.168,12081.762
Aizawl,20570.0,7117.22,349.69,20035.180000000004,80341.0,13336.606000000002,562.387,79778.613
Champhai,18395.0,8866.39,882.96,17456.855,12717.0,5646.347999999999,190.755,12386.358
Serchhip,7472.0,3885.44,463.264,7203.008000000001,8018.0,3736.388,769.7280000000001,7969.892000000001
Lunglei,21479.0,10696.542,837.6809999999999,17290.595,17315.0,4640.42,138.52,16830.18
Lawngtlai,21993.0,10930.521,1143.6360000000002,13305.765,5273.0,1824.4580000000003,84.36800000000001,5183.3589999999995
Saiha,7043.0,2281.932,366.236,6127.41,5784.0,1660.0079999999998,133.03199999999998,5645.184
West Tripura,289621.0,119903.09400000001,11584.84,246757.092,217016.0,69879.152,7812.576,212892.696
South Tripura,219171.0,94024.35900000001,9862.695,181035.24599999998,44906.0,12304.243999999999,1616.616,44007.88
Dhalai,89457.0,42492.075000000004,6440.904,59399.44800000001,14071.0,5628.400000000001,1266.39,13564.444000000001
North Tripura,150437.0,72811.508,12486.271,122606.155,42184.0,14511.295999999998,2995.064,40918.48
West Garo Hills,139351.0,68281.99,7664.305,78454.613,18594.0,6340.554,1171.422,17459.766
East Garo Hills,62698.0,30659.321999999996,2257.128,49719.513999999996,11518.0,4872.114,138.216,11137.906
South Garo Hills,35930.0,18396.16,1437.2,22779.62,3713.0,1555.7469999999998,100.251,3245.1620000000003
West Khasi Hills,74832.0,41980.752,6884.543999999999,30531.456,12299.0,5755.932,565.7539999999999,11130.595
Ribhoi,57988.0,31255.532,3421.2920000000004,37170.308,5736.0,1955.976,177.81600000000003,5242.704000000001
East Khasi Hills,106248.0,56205.192,9881.064,47067.863999999994,108843.0,25578.105,2285.7030000000004,105468.86700000001
Jaintia Hills,76546.0,35517.344,6429.8640000000005,33374.056000000004,7171.0,1003.94,150.591,6891.331
Kokrajhar,204896.0,112692.8,26636.48,51019.10399999999,17115.0,4244.52,804.405,15420.615
Dhubri,460602.0,295706.48400000005,81065.95200000002,179634.78,60417.0,24045.965999999997,7370.873999999999,48394.01699999999
Goalpara,228610.0,138080.44,28804.86,141966.81,39504.0,18329.856,3160.32,33578.4
Barpeta,447189.0,282623.44800000003,84071.532,312137.922,52192.0,17640.896,3862.2080000000005,48434.176
Morigaon,232206.0,145128.75,34366.488000000005,132821.83200000002,25275.0,10817.7,2325.2999999999997,22823.325
Nagaon,674999.0,400274.40699999995,93149.86200000001,485999.28,124186.0,54269.28200000001,7326.974,118225.07200000001
Sonitpur,483325.0,280811.825,49299.15,265828.75,64528.0,20778.016,2903.76,61301.6
Lakhimpur,293239.0,190018.872,28444.182999999997,157469.34300000002,34694.0,13079.638,1908.17,32855.218
Dhemaji,211758.0,140183.79600000003,21175.8,85338.47399999999,16504.0,7971.432,1188.288,15777.823999999999
Tinsukia,290704.0,162794.24,14535.2,224714.192,90910.0,33727.61,4545.5,85909.95
Dibrugarh,299852.0,162519.784,17091.564000000002,222490.18400000004,77163.0,22917.411,3163.683,74385.132
Sivasagar,360182.0,217189.74599999998,21971.102,258970.858,45047.0,16397.108,1756.8329999999999,41983.804000000004
Jorhat,286330.0,174374.97,23192.73,168648.37,80824.0,28530.872,3232.96,76136.208
Golaghat,292893.0,187451.52,23138.547000000002,190673.34299999996,34190.0,13231.53,1435.98,33403.63
Karbi Anglong,215691.0,140414.841,9274.713,104610.13500000001,37185.0,19336.2,1338.66,35139.825000000004
Dima Hasao,37610.0,23468.64,1692.45,21475.31,21309.0,9631.668000000001,703.197,20584.494
Cachar,346227.0,197003.163,42239.693999999996,268672.152,88933.0,33083.076,5424.913,85197.814
Karimganj,261945.0,150880.32,39029.805,219247.965,32695.0,11802.895,2844.465,31844.93
Hailakandi,159215.0,94732.925,26748.12,130397.085,16202.0,4941.61,1231.352,15894.162
Bongaigaon,181923.0,116976.489,22740.375,89506.116,38470.0,11156.300000000001,1654.21,35238.520000000004
Chirang,129018.0,74185.35,14062.962,30964.32,11613.0,4587.135,1718.724,9859.437000000002
Kamrup,390596.0,230842.23600000003,48043.308,222639.72,43849.0,19775.899,3727.165,34509.163
Kamrup Metropolitan,61334.0,32139.016000000003,6194.734,39683.098000000005,366858.0,100152.23400000001,14307.462,355852.26
Nalbari,210706.0,128530.66,20017.07,134219.722,28238.0,12227.054,2400.23,25442.438
Baksa,291641.0,187525.163,32663.791999999998,112865.06700000001,3580.0,1904.56,268.5,3368.78
Darrang,268517.0,154665.79200000002,47796.026000000005,127814.09200000002,20189.0,6945.016,1736.254,18533.502
Udalguri,267790.0,160406.21,28653.53,111132.85,13835.0,4883.754999999999,996.12,12423.83
Darjiling,303284.0,164379.928,24262.72,158617.532,215675.0,68368.975,11430.775,187637.25
Jalpaiguri,798378.0,461462.484,127740.48,296198.238,319426.0,118826.47200000001,33539.73,262887.598
Koch Bihar,803407.0,463565.8390000001,101229.28199999999,447497.6990000001,97331.0,32995.209,7689.149,87889.893
Uttar Dinajpur,683981.0,396024.999,84813.644,140900.086,94269.0,37707.6,13763.274,75980.814
Dakshin Dinajpur,390949.0,225186.62400000004,46522.931000000004,107510.975,70077.0,24036.410999999996,6517.161000000001,64190.53199999999
Maldah,830318.0,489887.62,93825.93400000001,210900.772,128678.0,62408.83,10680.274000000001,95607.754
Murshidabad,1501066.0,842098.0260000001,255181.22,520869.90200000006,350899.0,170186.015,40704.284,216855.582
Birbhum,831044.0,432142.88,129642.864,155405.228,134565.0,50192.745,12514.545,82892.04000000001
Barddhaman,1364868.0,707001.624,128297.59200000002,629204.148,862368.0,329424.576,54329.183999999994,616593.12
Nadia,1081381.0,582864.359,168695.436,771024.6529999999,468390.0,192976.68,49649.340000000004,437007.87
North Twenty Four Parganas,1209337.0,559923.031,238239.389,954166.8930000002,1649803.0,551034.2019999999,89089.36200000001,1550814.82
Hugli,992085.0,451398.675,116073.945,596243.085,647953.0,218360.16100000002,34341.509,575382.264
Bankura,900515.0,471869.86,105360.255,148584.975,90885.0,35263.38,8088.765,54894.54
Puruliya,653219.0,409568.3130000001,48338.206000000006,39846.359,99433.0,43253.355,6662.0109999999995,50611.397000000004
Haora,483384.0,195287.13599999997,67190.376,290997.168,869313.0,305998.17600000004,56505.345,725876.355
South Twenty Four Parganas,1568802.0,782832.198,254145.924,862841.1,611430.0,235400.55000000002,49525.83,508098.33
Paschim Medinipur,1364335.0,712182.87,180092.22,571656.365,201048.0,65943.74399999999,16686.984,155209.056
Purba Medinipur,1193006.0,584572.9400000001,215934.086,1021213.1359999999,170707.0,59406.036,17241.407,141345.396
Garhwa,272872.0,170272.128,12552.112,13370.728000000001,19180.0,8535.1,1304.24,8880.34
Chatra,200974.0,115560.05,9043.83,13264.284,14528.0,6740.991999999999,595.648,9544.896
Kodarma,116714.0,61041.42199999999,4901.988,8870.264,34771.0,15542.637000000002,1877.6340000000002,17489.813
Giridih,452564.0,242574.30400000003,14029.484000000002,26248.712,46886.0,17347.82,1594.124,28741.118
Deoghar,257373.0,155968.038,13126.023,14155.515,64337.0,24062.037999999997,2702.1540000000005,43942.170999999995
Godda,276454.0,173336.65800000002,25433.768,21839.866,15576.0,5731.968,654.192,10108.824000000002
Sahibganj,223450.0,145465.94999999998,16311.85,20557.399999999998,37543.0,17457.495,2928.354,20385.849
Pakur,200588.0,120152.212,14241.747999999998,14642.923999999999,16587.0,7746.129000000001,945.4590000000001,7712.955
Dhanbad,258764.0,135074.80800000002,12161.908000000001,31569.208,405455.0,180427.475,15812.745,240434.815
Bokaro,250312.0,125906.936,10262.792,16520.592,258452.0,94851.884,8270.464,162049.404
Lohardaga,96759.0,60474.375,2709.252,7063.406999999999,14725.0,5330.45,647.9000000000001,10381.125
Purbi Singhbhum,262537.0,133893.87,15227.145999999999,35705.032,342126.0,88268.50800000002,7868.897999999999,276095.682
Palamu,355529.0,223272.212,22398.326999999997,26309.146,52375.0,21002.375,2828.25,30534.625
Latehar,146377.0,84898.66,3220.2940000000003,10539.144000000002,14137.0,5739.622000000001,706.85,7888.446
Hazaribagh,312983.0,151796.755,10328.438999999998,29107.419000000005,68765.0,22761.215,2062.95,50542.275
Ramgarh,134067.0,67167.56700000001,5094.546,14747.37,118558.0,47186.083999999995,4268.088,71134.8
Dumka,303697.0,194062.383,18221.82,18829.214000000004,23281.0,7799.135,1164.05,14946.402
Jamtara,165555.0,103637.43000000001,8112.1950000000015,7284.420000000001,20113.0,6737.8550000000005,663.7289999999999,12087.913
Ranchi,420740.0,231407.0,12622.2,55537.68,310242.0,98656.956,12719.922,245401.422
Khunti,344332.189274448,198679.6732113565,11707.294435331232,13773.287570977922,172779.82417582418,66001.89283516485,5183.394725274726,93128.32523076923
Gumla,216629.0,137126.157,6282.241,13864.256000000001,16445.0,6314.88,822.25,11264.825
Simdega,144169.0,85924.724,4180.901,7064.281000000001,11114.0,4445.6,444.56,5934.876
Pashchimi Singhbhum,336928.0,171496.35199999998,13477.12,12466.336000000001,63396.0,23773.5,2852.82,37340.244
Saraikela-Kharsawan,217248.0,116227.68000000001,7820.928000000001,13903.872000000003,68439.0,25048.674,2326.926,44143.155
Bargarh,411566.0,275337.65400000004,34983.11,50622.61800000001,47395.0,22133.465,2227.565,25688.09
Jharsuguda,103224.0,73805.16,6090.216000000001,9703.056,73962.0,33652.71,4141.871999999999,39643.632000000005
Sambalpur,220697.0,153825.809,17214.365999999998,18979.942,94798.0,39056.776000000005,4929.496,56404.81
Debagarh,91408.0,68556.0,12248.672,5393.072000000001,7350.0,4579.05,404.25,3770.55
Sundargarh,387911.0,294424.449,22498.838,32584.524,230151.0,107940.819,10126.644000000002,150748.905
Kendujhar,490634.0,343443.8,42194.524,45628.962,83664.0,40828.032,6442.128000000001,42501.312000000005
Mayurbhanj,689110.0,499604.75,59263.46,103366.5,64479.0,28241.801999999996,5222.799,41266.56
Baleshwar,601154.0,373316.634,69733.864,136461.95799999998,82440.0,34789.68000000001,5935.68,56059.200000000004
Bhadrak,373862.0,240393.26599999997,33273.718,59817.92,54244.0,28586.588000000003,4014.0560000000005,28098.391999999996
Kendrapara,414749.0,236406.93,31106.175,65530.342000000004,23494.0,10478.324,2067.472,13579.532
Jagatsinghapur,309685.0,177449.505,21987.635000000002,68440.385,43047.0,24622.884,1592.739,19285.056
Cuttack,579529.0,318740.95,58532.429,129814.496,210768.0,77141.088,13489.152000000002,164399.04
Jajapur,495611.0,286463.158,72359.20599999999,98626.58899999999,45528.0,19531.512,3186.96,27863.136000000002
Dhenkanal,315390.0,206580.45,36269.85,44785.38,36979.0,15457.222,2810.4039999999995,22113.442
Anugul,340410.0,219224.04000000004,40849.200000000004,56848.47,74177.0,28780.675999999996,4895.682,47473.28
Nayagarh,261646.0,168238.378,31920.811999999998,41601.714,26688.0,12943.68,2028.288,14891.903999999999
Khordha,331834.0,207064.41599999997,28205.89,60725.622,356895.0,130623.57,18201.644999999997,273381.56999999995
Puri,402014.0,257690.974,45025.568,62714.183999999994,72210.0,33505.44,4188.18,52929.93
Ganjam,795476.0,490013.216,75570.22,151935.91600000003,219918.0,87747.28199999999,11435.736,143606.454
Gajapati,152095.0,101903.65000000001,8973.605,19316.065,23050.0,9381.350000000002,1152.5,13069.35
Kandhamal,218446.0,150290.848,14417.436,13762.098,24489.0,11387.385,1567.296,13836.285
Baudh,131377.0,98664.127,6174.719,11823.93,6577.0,3689.697,355.158,3374.0009999999997
Subarnapur,176927.0,130925.98,12738.744000000002,13977.233,16575.0,10177.050000000001,961.35,6464.25
Balangir,476770.0,327064.22,33373.9,48153.770000000004,62192.0,29168.048,4229.056,36133.552
Nuapada,197258.0,143801.08200000002,9468.384,25051.765999999996,11869.0,6254.963000000001,771.485,5744.596
Kalahandi,456336.0,320804.208,42895.584,37419.551999999996,38412.0,18360.935999999998,2650.428,22586.256
Rayagada,237343.0,165428.07100000003,13528.551000000001,15664.637999999999,49205.0,17615.39,2115.815,29769.025
Nabarangapur,342840.0,237588.12,15084.960000000003,19884.72,29424.0,15123.936,1441.776,15712.416
Koraput,381789.0,250835.37300000002,20234.817,31306.698,78339.0,30473.871000000003,4386.9839999999995,50842.011000000006
Malkangiri,167884.0,112985.932,12423.416000000001,10073.04,15839.0,7238.423000000001,1330.476,7555.203
Koriya,121852.0,61535.26,2680.744,10357.42,59763.0,22411.125,776.9190000000001,35439.459
Surguja,344332.189274448,168722.77274447956,7230.97597476341,74031.42069400633,65167.0,19159.097999999998,1042.672,39947.371
Jashpur,344332.189274448,144275.18730599372,6197.979406940065,40631.19833438487,20722.0,7832.916,248.664,8744.684000000001
Raigarh,354278.0,203355.572,17005.344,46056.14,66638.0,25189.164,1999.14,38183.574
Raigarh,354278.0,203355.572,17005.344,46056.14,377160.0,142566.47999999998,11314.800000000001,216112.68
Raigarh,354278.0,203355.572,17005.344,46056.14,66638.0,11794.926,733.018,53976.78
Raigarh,354278.0,203355.572,17005.344,46056.14,377160.0,66757.32,4148.76,305499.60000000003
Raigarh,581868.0,333992.232,27929.664,75642.84,66638.0,25189.164,1999.14,38183.574
Raigarh,581868.0,333992.232,27929.664,75642.84,377160.0,142566.47999999998,11314.800000000001,216112.68
Raigarh,581868.0,333992.232,27929.664,75642.84,66638.0,11794.926,733.018,53976.78
Raigarh,581868.0,333992.232,27929.664,75642.84,377160.0,66757.32,4148.76,305499.60000000003
Raigarh,354278.0,100260.674,12754.008000000002,180327.502,66638.0,25189.164,1999.14,38183.574
Raigarh,354278.0,100260.674,12754.008000000002,180327.502,377160.0,142566.47999999998,11314.800000000001,216112.68
Raigarh,354278.0,100260.674,12754.008000000002,180327.502,66638.0,11794.926,733.018,53976.78
Raigarh,354278.0,100260.674,12754.008000000002,180327.502,377160.0,66757.32,4148.76,305499.60000000003
Raigarh,581868.0,164668.644,20947.248,296170.812,66638.0,25189.164,1999.14,38183.574
Raigarh,581868.0,164668.644,20947.248,296170.812,377160.0,142566.47999999998,11314.800000000001,216112.68
Raigarh,581868.0,164668.644,20947.248,296170.812,66638.0,11794.926,733.018,53976.78
Raigarh,581868.0,164668.644,20947.248,296170.812,377160.0,66757.32,4148.76,305499.60000000003
Korba,206598.0,112389.31199999999,6611.136000000001,24585.162000000004,126055.0,37438.335,2016.88,73868.23
Janjgir - Champa,379583.0,223953.97,21256.647999999997,41754.13,61190.0,26801.22,2325.2200000000003,27168.36
Kabeerdham,187311.0,114072.399,11613.282,16857.99,23868.0,8759.556,1217.2679999999998,11814.66
Rajnandgaon,313604.0,149589.108,10662.535999999998,58016.74,76528.0,25101.184,1913.2,40712.896
Durg,533448.0,279526.752,26672.4,74682.72,349741.0,103523.336,7694.302000000001,218937.866
Raipur,673499.0,383894.43,39736.441,86881.371,395001.0,118895.30100000002,11455.028999999999,256750.65
Mahasamund,274793.0,164875.80000000002,12640.478,41768.536,35774.0,14738.888,1466.734,17922.774
Dhamtari,168689.0,92947.63900000001,7084.938000000001,40822.738,41792.0,16382.464000000002,1462.72,22400.512000000002
Uttar Bastar Kanker,169191.0,78673.815,5075.7300000000005,25040.268000000004,24878.0,9403.884,796.0960000000001,15150.702
Bastar,316425.0,165173.85,10758.45,43983.075000000004,54894.0,19432.476,1591.9260000000002,33485.340000000004
Narayanpur,26916.0,15503.616000000002,1184.304,1103.556,6179.0,3416.9869999999996,135.93800000000002,2731.1180000000004
Dakshin Bastar Dantewada,106545.0,53379.045,3409.44,7671.24,31304.0,11050.312,907.8159999999999,15589.392
Bijapur,50449.0,28503.685,2118.858,1362.1230000000003,7942.0,4860.504,246.20200000000003,2231.702
Bijapur,50449.0,28503.685,2118.858,1362.1230000000003,131041.0,80197.092,4062.2710000000006,36822.521
Bijapur,50449.0,28503.685,2118.858,1362.1230000000003,7942.0,2199.934,230.31799999999998,4725.49
Bijapur,50449.0,28503.685,2118.858,1362.1230000000003,131041.0,36298.356999999996,3800.189,77969.395
Bijapur,396449.0,223993.685,16650.858,10704.123000000001,7942.0,4860.504,246.20200000000003,2231.702
Bijapur,396449.0,223993.685,16650.858,10704.123000000001,131041.0,80197.092,4062.2710000000006,36822.521
Bijapur,396449.0,223993.685,16650.858,10704.123000000001,7942.0,2199.934,230.31799999999998,4725.49
Bijapur,396449.0,223993.685,16650.858,10704.123000000001,131041.0,36298.356999999996,3800.189,77969.395
Bijapur,50449.0,21037.233000000004,3430.532,2522.4500000000003,7942.0,4860.504,246.20200000000003,2231.702
Bijapur,50449.0,21037.233000000004,3430.532,2522.4500000000003,131041.0,80197.092,4062.2710000000006,36822.521
Bijapur,50449.0,21037.233000000004,3430.532,2522.4500000000003,7942.0,2199.934,230.31799999999998,4725.49
Bijapur,50449.0,21037.233000000004,3430.532,2522.4500000000003,131041.0,36298.356999999996,3800.189,77969.395
Bijapur,396449.0,165319.233,26958.532,19822.45,7942.0,4860.504,246.20200000000003,2231.702
Bijapur,396449.0,165319.233,26958.532,19822.45,131041.0,80197.092,4062.2710000000006,36822.521
Bijapur,396449.0,165319.233,26958.532,19822.45,7942.0,2199.934,230.31799999999998,4725.49
Bijapur,396449.0,165319.233,26958.532,19822.45,131041.0,36298.356999999996,3800.189,77969.395
Sheopur,150146.0,90688.18400000001,7957.737999999999,8708.467999999999,26376.0,10708.656,844.0320000000002,15087.072000000002
Morena,319298.0,170824.43,16603.496000000003,21392.966,95288.0,34017.816,2001.0480000000002,70322.544
Bhind,271211.0,139944.876,12475.705999999998,25222.623000000003,88385.0,35972.69500000001,2209.625,59483.105
Gwalior,172720.0,83078.32,7772.400000000001,29880.56,272172.0,73214.268,5443.4400000000005,236789.64
Datia,160453.0,74931.551,4332.231000000001,18131.189000000002,43401.0,15103.547999999999,1302.03,27386.031000000003
Shivpuri,367859.0,199747.437,15450.078000000001,20600.104,66759.0,21029.085,1869.252,43860.663
Tikamgarh,322772.0,144279.084,9360.387999999999,12588.108,60220.0,19812.38,1625.94,27219.440000000002
Chhatarpur,375869.0,169892.788,9772.594000000001,19545.188000000002,95048.0,27658.968000000004,1520.7680000000003,55032.792
Panna,256744.0,121953.40000000001,7702.32,12837.2,32179.0,11584.44,740.117,17312.302
Sagar,448408.0,231378.52800000002,21075.176000000003,50221.695999999996,165507.0,53127.747,4137.675,107083.02900000001
Damoh,303387.0,164132.36700000003,15169.35,17899.833000000002,66514.0,22681.274,1928.9060000000002,37380.868
Satna,461831.0,181037.75200000004,10160.282000000001,105297.46800000001,114173.0,26716.481999999996,2625.979,69074.66500000001
Rewa,523910.0,181796.77,11002.11,93255.98,94489.0,20598.602,2267.7360000000003,56220.955
Umaria,138100.0,65183.200000000004,5800.2,8009.8,29966.0,8480.378,629.2860000000001,16541.232000000004
Neemuch,174235.0,80670.805,4878.58,22999.02,67962.0,18757.512000000002,951.4679999999998,43223.832
Mandsaur,302287.0,150236.639,6952.601,40204.171,81832.0,24140.44,1391.144,55809.424000000006
Ratlam,266716.0,153895.132,9335.06,35739.944,107151.0,29466.525,1500.114,88721.02799999999
Ujjain,300765.0,165119.98500000002,11429.07,53836.935,188684.0,56793.884000000005,3584.9959999999996,157739.824
Shajapur,312611.0,177250.437,13754.884000000002,41889.874,73997.0,23753.037000000004,1775.9279999999999,49355.999
Dewas,274995.0,134747.55,17049.69,59673.915,101014.0,30809.27,2626.3640000000005,78083.822
Dhar,412348.0,232976.62,19380.356,79170.81599999999,103364.0,31732.748,3100.92,78970.096
Indore,200371.0,82953.594,9217.066,83153.965,587947.0,136991.651,15874.569000000001,530916.1410000001
Khargone (West Nimar),383543.0,218235.967,24163.209,49860.590000000004,76620.0,22602.9,2451.84,56545.56
Barwani,250358.0,150715.51600000003,13018.616000000002,25786.874000000003,48912.0,18293.088,2005.3919999999998,32330.832
Rajgarh,331894.0,200463.976,21573.11,25887.731999999996,69823.0,24926.811,2234.3360000000002,42592.03
Vidisha,292579.0,132245.708,8777.37,33646.585,83830.0,25651.98,1760.43,59938.450000000004
Bhopal,118893.0,55404.138,5112.398999999999,25561.995,581826.0,175129.62600000002,15127.476,488152.0140000001
Sehore,270427.0,117906.17200000002,17848.182,58682.65899999999,59220.0,18535.86,1480.5,46843.020000000004
Raisen,251272.0,116590.20799999998,18091.584000000003,46485.32,74441.0,27096.524,2977.64,53597.520000000004
Betul,318945.0,145438.92,15309.36,41143.905,87704.0,26574.312,2631.12,62796.064
Harda,112714.0,47565.30800000001,8678.978000000001,43169.46199999999,31845.0,8438.925,1401.18,25253.085
Hoshangabad,209650.0,92036.35,21384.3,70861.7,105746.0,30349.102,3595.3639999999996,85231.276
Katni,276151.0,128410.215,12150.644000000002,23748.986,72880.0,20843.68,1749.1200000000001,47955.04
Jabalpur,272284.0,125795.20800000001,15520.188,72972.11200000001,352477.0,103628.238,10221.832999999999,282686.554
Narsimhapur,230659.0,112792.251,22604.582000000002,63431.225,53059.0,17880.883,3130.481,38096.362
Dindori,218021.0,111626.75200000001,5886.567000000001,8066.777000000001,9774.0,3684.7980000000007,537.57,5405.022
Mandla,279674.0,120819.168,12025.982,18738.158,37258.0,10655.788,1490.32,24254.958
Chhindwara,413142.0,207810.42599999998,21070.242,50816.46600000001,140802.0,47168.67,5209.674,93351.726
Seoni,335045.0,151105.295,16417.205,50926.840000000004,47542.0,13169.134,1663.97,35133.538
Balaghat,400074.0,153228.342,21603.996000000003,46808.657999999996,70793.0,20813.142,2406.962,44670.383
Guna,212765.0,104680.38,6170.185,15744.61,72320.0,24299.52,2386.56,43102.72
Ashoknagar,169606.0,74626.64,4579.362,11872.42,37135.0,14037.03,631.295,20907.005
Shahdol,233594.0,103248.54800000001,6774.226,17753.144,57846.0,16891.032,1561.842,36847.902
Anuppur,344332.189274448,126714.24565299686,6542.311596214512,15150.616328075716,172779.82417582418,43194.956043956045,3801.1561318681324,98311.71995604396
Sidhi,250953.0,95864.04600000002,4768.107,10289.073,25916.0,6945.488,388.74,12698.84
Singrauli,228732.0,101557.00799999999,4345.908,5032.104,58593.0,15878.703000000001,1523.4180000000001,30526.953000000005
Jhabua,211080.0,132136.08000000002,10765.08,12242.64,24713.0,6301.8150000000005,444.834,18979.584
Alirajpur,135866.0,84372.786,5434.64,6793.3,14662.0,4369.276000000001,381.21200000000005,11040.485999999999
Khandwa (East Nimar),265663.0,139207.41199999998,21253.04,46225.361999999994,63425.0,19725.175,2790.7000000000003,43953.525
Burhanpur,115979.0,56133.835999999996,7422.656000000001,21456.115,62861.0,26213.037000000004,2451.579,43122.646
Kachchh,488293.0,124026.42199999999,5371.223000000001,240240.15600000002,250982.0,53710.148,2509.82,220613.178
Banas Kantha,666773.0,258707.924,26670.920000000002,114018.183,137424.0,32706.912000000004,2061.36,107190.72
Patan,301483.0,112453.15899999999,11456.354,108232.397,102655.0,26177.025,1539.825,84587.72
Mahesana,476005.0,156129.63999999998,12376.130000000001,211346.22,183738.0,40054.884,2388.594,156177.30000000002
Sabar Kantha,544024.0,223593.86400000003,11424.504,169191.46400000004,121509.0,32928.939000000006,1944.1440000000002,93197.403
Gandhinagar,237624.0,86970.384,5465.352,101703.072,195634.0,47734.695999999996,2543.242,158072.272
Ahmadabad,353169.0,143033.445,7063.38,116192.601,1845383.0,441046.53699999995,11072.298,1699597.7429999998
Surendranagar,340788.0,124046.832,7838.123999999999,70883.90400000001,159810.0,38034.78,2237.34,111867.0
Rajkot,459474.0,130490.616,6892.110000000001,202168.56,721532.0,158015.508,7936.852000000001,624125.18
Jamnagar,347158.0,104494.558,5554.528,120810.98399999998,299167.0,68808.41,2991.67,250701.946
Porbandar,96015.0,29188.56,2208.345,37541.865,87557.0,21539.022,1138.241,67769.118
Junagadh,489237.0,159980.49900000004,8317.029,225049.02000000002,287506.0,68713.934,4025.084,246392.642
Amreli,313714.0,90663.346,5333.137999999999,163444.994,116899.0,28874.053,1168.99,91648.81600000002
Bhavnagar,387251.0,128567.33200000001,5808.765,124307.571,356826.0,91704.28199999999,3925.0860000000002,291170.016
Anand,413078.0,170601.21399999998,8674.638,170601.21399999998,208909.0,54525.249,2715.817,173394.47
Kheda,461479.0,194744.138,11536.975,117215.666,160547.0,40136.75,2408.205,126029.395
Panch Mahals,463363.0,233534.952,12047.438,78771.71,104238.0,25434.071999999996,1146.6180000000002,87664.158
Dohad,323697.0,192599.715,6797.637000000001,19745.517,52807.0,12462.452000000003,580.8770000000001,37915.426
Vadodara,547454.0,251828.84,10949.08,156024.39,692971.0,137901.229,5543.768000000001,636840.349
Narmada,138121.0,60635.119,1795.5730000000003,22099.36,22248.0,7497.576000000001,422.712,16619.256
Bharuch,300677.0,114858.614,4510.155,137710.066,181319.0,36626.438,1087.914,162099.18600000002
The Dangs,52102.0,18913.025999999998,573.1220000000001,13181.806,7516.0,2014.2880000000002,52.612,4344.248
Navsari,267739.0,92369.955,3748.346,119143.855,141417.0,28283.4,1272.7530000000002,121194.369
Valsad,262410.0,104176.77,3411.33,72425.16,235981.0,58051.32600000001,2123.829,179345.56
Surat,369840.0,114280.56,4438.08,184550.16,1529998.0,302939.60400000005,7649.99,1435138.124
Tapi,192272.0,69794.736,1922.72,44222.56,26217.0,7812.666,209.73600000000002,20318.175
Diu,9788.0,1243.076,29.364,4238.204,9062.0,969.634,18.124000000000002,6769.314
Daman,10006.0,2641.584,90.054,5733.437999999999,61073.0,22658.083000000002,366.438,53011.363999999994
Dadra and Nagar Haveli,48221.0,21940.555,385.76800000000003,12778.565,60562.0,12596.896,121.12400000000002,49236.905999999995
Nandurbar,333440.0,163052.16,13004.16,74357.12,71572.0,20899.024,2361.8759999999997,45448.22
Dhule,382777.0,143158.598,13014.418000000001,71579.299,146013.0,33144.951,2336.208,95346.489
Jalgaon,796223.0,309730.747,43792.265,179946.39800000002,373565.0,101236.115,6350.6050000000005,242443.68500000006
Buldana,575405.0,269864.945,38552.135,167442.855,152787.0,52558.728,5347.545,93047.283
Akola,308158.0,146375.05000000002,21879.217999999997,95220.822,196077.0,66274.026,7254.849,141763.671
Washim,274925.0,127290.27500000001,18419.975000000002,75604.375,55921.0,19963.797000000002,1453.9460000000001,37634.833
Amravati,508921.0,226978.76600000003,33588.786,209166.53100000002,272894.0,85415.82200000001,7913.926,214494.68399999998
Wardha,268486.0,117328.38200000001,25506.170000000002,126725.392,120218.0,28852.32,4448.066000000001,94250.91200000001
Nagpur,430844.0,168029.16,35760.052,198619.08400000003,877522.0,207972.71399999998,24570.615999999998,789769.8
Bhandara,283843.0,123755.54800000001,22991.283,158384.394,72575.0,18143.75,2467.55,61180.725
Gondiya,319702.0,128839.906,16624.504,151858.45,66813.0,18039.510000000002,2204.829,51646.44899999999
Gadchiroli,293586.0,125067.636,25541.981999999996,65176.092000000004,37254.0,10058.58,1490.16,24550.386000000002
Chandrapur,451324.0,186396.812,50548.288,131335.284,233331.0,58799.412000000004,7933.254000000001,167298.32700000002
Yavatmal,629243.0,295114.967,50968.683,137174.97400000002,168889.0,49484.477000000006,6586.671,115182.29800000001
Nanded,591119.0,302652.928,46107.282,113494.848,230563.0,80697.05,9222.52,168772.116
Hingoli,242456.0,113226.95200000002,14547.36,65220.664,41913.0,16220.331000000002,1299.303,27536.841
Parbhani,293480.0,138816.04,24358.84,39032.840000000004,133759.0,47885.721999999994,5885.396000000001,89484.77100000002
Jalna,404746.0,165945.86000000002,27927.474000000006,118185.832,98084.0,35800.66,3040.6040000000003,68854.968
Nashik,904661.0,312108.045,50661.015999999996,265065.673,764271.0,185717.853,19106.775,528111.2609999999
Thane,713994.0,262749.792,41411.651999999995,283455.618,2904157.0,630202.069,31945.727000000003,2163596.965
Pune,1165718.0,278606.602,57120.182,720413.7239999999,2056739.0,429858.45099999994,26737.607000000004,1655674.895
Ahmadnagar,1041393.0,318666.25800000003,77063.08200000001,407184.66300000006,282011.0,65144.541000000005,7050.275000000001,207560.096
Bid,563114.0,230876.74,45049.12,86719.556,135457.0,41720.756,3928.253,93600.787
Latur,428616.0,171875.01600000003,24431.112,106296.76800000001,157016.0,48046.89600000001,4082.4160000000006,122315.464
Osmanabad,367158.0,140254.35600000003,22763.796000000002,81509.076,77832.0,24594.912000000004,2179.296,44986.896
Solapur,779929.0,230858.98400000003,60834.462,250357.20900000003,376302.0,115901.016,7149.737999999999,229167.918
Satara,774522.0,215317.116,41049.666000000005,542939.922,200949.0,41596.443,5425.6230000000005,151515.54600000003
Ratnagiri,538538.0,154560.406,22080.057999999997,361897.536,100824.0,16736.784000000003,1915.6559999999997,82675.68000000001
Sindhudurg,295847.0,81653.772,13608.962,220110.168,44989.0,10707.382,1349.67,39050.452
Kolhapur,796496.0,193548.52800000002,15929.92,592593.0240000001,382818.0,84985.596,4593.816,285965.04600000003
Sangli,626872.0,171762.928,31970.471999999998,379257.56,226801.0,57380.653,5443.224,175997.57599999997
Adilabad,597466.0,213295.36200000002,38835.29,82450.308,220248.0,51758.28,6166.9439999999995,155715.336
Nizamabad,565165.0,179722.47,24302.095,166158.51,155133.0,39403.782,3412.9260000000004,132638.715
Karimnagar,877236.0,284224.464,44739.036,300014.71200000006,288044.0,60489.24,5184.792,243109.13600000003
Medak,593653.0,205403.93800000002,26120.732000000004,188781.65400000004,195479.0,37922.926,2345.748,165375.234
Rangareddy,432098.0,110184.99,9506.156,187962.63,1129224.0,182934.288,7904.567999999999,1084055.04
Mahbubnagar,848963.0,261480.60400000002,52635.706000000006,151964.377,161052.0,30599.88,2737.8839999999996,125781.612
Nalgonda,833504.0,285058.368,49176.736000000004,265887.77599999995,197433.0,47976.219000000005,3356.361,160315.59600000002
Warangal,758738.0,294390.344,64492.73,225345.186,288249.0,68315.013,8359.221,237517.176
Khammam,669262.0,226879.818,34801.623999999996,250303.988,201363.0,45508.03800000001,4429.986000000001,171964.00200000004
Srikakulam,752752.0,241633.392,26346.32,96352.256,149684.0,32032.375999999997,2544.628,98641.75600000002
Vizianagaram,592458.0,183069.522,19551.113999999998,63393.006,157056.0,31411.2,2984.064,104285.18400000001
Visakhapatnam,718847.0,213497.55899999998,23003.104,153833.258,660493.0,112283.81,7265.423000000001,551511.655
East Godavari,1199479.0,364641.61600000004,46779.681,563755.13,406362.0,84929.658,6908.154,354754.026
West Godavari,1007255.0,302176.5,48348.24,593273.1950000001,248373.0,52406.70300000001,5464.206000000001,220306.85100000002
Krishna,909292.0,280061.93600000005,40008.848000000005,511022.10400000005,567042.0,113975.44200000001,9639.714,527349.06
Guntur,1069877.0,331661.87,44934.834,497492.805,513113.0,112371.74699999999,9749.146999999999,442816.519
Prakasam,873486.0,260298.828,36686.412000000004,244576.08000000002,214089.0,45386.868,4281.78,165704.88600000003
Sri Potti Sriramulu Nellore,689137.0,192269.223,29632.891000000003,175729.935,264376.0,43886.416000000005,5023.143999999999,208328.288
Y.S.R.,590589.0,129338.991,15355.314000000002,167727.276,293504.0,54591.744000000006,3228.5440000000003,232161.664
Kurnool,783853.0,211640.31,25867.149,216343.428,306982.0,64466.22,4297.748,223175.91400000002
Anantapur,902997.0,195950.349,26186.913,198659.34,341431.0,71359.079,4438.603,260170.422
Chittoor,344332.189274448,77130.41039747636,12740.291003154576,67489.10909779182,395900.0,58197.3,4750.8,322658.5
Belgaum,962777.0,370669.145,45250.51900000001,178113.745,356198.0,90830.49,6767.762,257887.35200000004
Bagalkot,324799.0,139338.771,16889.548000000003,23385.528000000002,165858.0,54567.28200000001,6136.746,70489.65000000001
Bidar,287134.0,162804.978,14356.7,25267.792,102269.0,30680.7,3068.07,69645.189
Raichur,330446.0,142752.67200000002,23461.666,33044.6,125402.0,38749.218,4514.472000000001,63202.608
Koppal,272968.0,107549.39199999999,14194.336000000001,32756.16,64681.0,17269.827,2393.197,31305.604
Gadag,180066.0,75267.588,9183.366,16566.072,111906.0,39950.442,3804.8039999999996,47336.238
Dharwad,199707.0,80681.628,7788.572999999999,46132.317,283397.0,82185.13,5667.9400000000005,232385.54
Uttara Kannada,334281.0,160789.161,21393.984,169146.18600000002,140511.0,52410.603,4496.352,113251.866
Haveri,315076.0,141469.124,15753.800000000001,88851.432,98488.0,29447.911999999997,2856.152,68646.13600000001
Bellary,371604.0,148269.996,20066.616,44964.083999999995,251876.0,72540.288,7556.28,159941.26
Chitradurga,349704.0,157366.80000000002,20632.536,66793.464,97644.0,30953.147999999997,1952.88,72158.91600000001
Davanagere,354680.0,163507.48,20571.44,105694.64,176011.0,54035.377,4928.308,142392.899
Shimoga,352444.0,161419.35199999998,25728.411999999997,217810.392,201662.0,64935.164000000004,6453.184,176857.57400000002
Udupi,269817.0,93086.865,11332.314000000002,225567.012,115572.0,28893.0,2427.012,110949.12
Chikmagalur,311660.0,141805.30000000002,17141.3,168608.06,80766.0,24633.63,2342.214,72204.804
Tumkur,685443.0,280346.187,39755.694,125436.069,204799.0,57138.920999999995,5119.975,168959.17500000002
Bangalore,300576.0,86565.888,7514.400000000001,224830.848,2967384.0,590509.416,32641.224000000006,2872427.712
Mandya,458867.0,202819.21400000004,20649.015,126188.425,103435.0,31961.415,3206.485,88850.66500000001
Hassan,496103.0,241602.16100000002,30758.386000000002,132459.501,132878.0,39464.766,3189.072,119457.32200000001
Dakshina Kannada,332919.0,135830.952,12318.003,293301.63899999997,317373.0,83469.099,5077.968000000001,309756.04799999995
Kodagu,181182.0,72472.8,8334.372,142771.416,31792.0,10618.528,1017.3440000000002,30838.24
Mysore,540596.0,259486.08000000002,28651.588,145960.92,380386.0,108410.01000000001,8368.492,358323.612
Chamarajanagar,262680.0,124773.0,18387.600000000002,40452.72,57200.0,21392.8,2574.0,36779.6
Gulbarga,400704.0,173905.536,14826.048,18031.68,199303.0,57399.264,2989.545,135924.646
Yadgir,207787.0,106386.944,11428.285,8934.841,55208.0,18991.552,1601.032,22193.616
Kolar,326567.0,133565.903,16654.917,83274.585,151042.0,47729.272000000004,2416.672,121135.68400000001
Chikkaballapura,315649.0,120893.567,15466.801000000001,72599.27,94053.0,26240.786999999997,1504.8480000000002,79286.67899999999
Bangalore Rural,231052.0,84333.98,8548.924,174444.26,95410.0,27764.31,1621.97,87109.33
Ramanagara,266950.0,116123.25,18152.600000000002,74746.0,84834.0,29013.228000000003,2714.688,75078.09
North Goa,115859.0,26647.57,2085.462,79595.13300000002,209230.0,41009.08000000001,2301.53,178473.19
South Goa,88620.0,20737.079999999998,1772.4,65401.560000000005,162873.0,39741.011999999995,2443.0950000000003,138767.796
Lakshadweep,5289.0,2161.0854,92.02860000000001,5186.3934,15953.0,2284.4696,76.5744,15587.6763
Kasaragod,251641.0,80273.47899999999,19124.716,223457.208,166164.0,30740.34,4486.428000000001,160514.424
Kannur,306288.0,95255.56800000001,18989.856,294955.344,566191.0,109841.05399999999,11890.011,557698.135
Wayanad,266183.0,94228.78199999999,23956.47,244089.81100000002,11805.0,4722.0,649.275,11250.165
Kozhikode,323793.0,87747.903,21370.338,314079.21,666543.0,128642.79900000001,23995.548000000003,654545.226
Malappuram,634543.0,175133.86800000002,26650.806,612333.995,522586.0,111310.81800000001,13064.65,514747.21
Palakkad,665899.0,235728.24599999998,35958.546,587322.9180000001,228442.0,64192.202000000005,7538.586,216791.458
Thrissur,336748.0,118535.29600000002,17174.147999999997,326308.81200000003,715119.0,203808.915,29319.879,702961.9770000001
Ernakulam,369694.0,109429.424,18484.7,358233.48600000003,804997.0,179514.331,24954.907000000003,791312.051
Idukki,391610.0,172700.01,32503.630000000005,347358.07,20823.0,4893.405,291.522,20677.238999999998
Kottayam,481967.0,168688.45,22170.481999999996,462688.32,196194.0,51991.41,5101.044000000001,192662.508
Alappuzha,331419.0,99094.281,25519.263000000003,301259.87100000004,392117.0,104695.239,25487.605,371334.799
Pathanamthitta,414992.0,125327.584,20334.608,388847.504,57848.0,13709.975999999999,1619.744,55534.08
Kollam,523715.0,156590.785,39278.625,487054.95,401415.0,97945.26000000001,22077.825,386964.06
Thiruvananthapuram,559293.0,191278.206,57047.886,513990.26700000005,609824.0,157944.416,37199.264,587260.512
Thiruvallur,387237.0,125464.78799999999,12778.820999999998,109588.071,732196.0,132527.47600000002,7321.96,650190.048
Kancheepuram,438799.0,139099.283,10092.377,128568.10700000002,774705.0,136348.08000000002,6197.64,663147.48
Vellore,653499.0,181672.722,15030.476999999999,125471.80799999999,486801.0,102228.21,7302.015,346602.31200000003
Tiruvannamalai,563102.0,163299.58000000002,12951.346,70387.75,147061.0,27500.407,1911.7930000000001,95736.711
Viluppuram,808042.0,290895.12,16160.84,106661.544,159272.0,37906.736000000004,2389.08,104482.432
Salem,572813.0,184445.78600000002,13174.698999999999,83630.698,597539.0,145799.516,7768.0070000000005,328048.91099999996
Namakkal,370357.0,94070.67799999999,6666.4259999999995,115551.384,257127.0,62481.861000000004,3085.524,140391.342
Erode,411286.0,117627.79600000002,8225.72,138603.382,432398.0,102910.724,4756.378000000001,275869.924
The Nilgiris,112126.0,38795.596000000005,2354.646,47429.298,151979.0,55320.356,2887.6009999999997,89515.631
Dindigul,443818.0,139802.67,7988.724,83881.602,269724.0,69858.516,3776.136,154821.576
Karur,212241.0,61549.89,4669.302000000001,48815.43,152420.0,30636.420000000002,1371.78,102273.82
Tiruchirappalli,452707.0,134906.686,10864.968,108649.68000000001,423020.0,90526.28,5076.24,313880.84
Perambalur,155413.0,46934.725999999995,3419.0860000000002,24244.428,33179.0,5607.251,298.61100000000005,18314.808
Ariyalur,223955.0,84878.945,7614.47,31801.61,30322.0,8399.194,606.44,15555.186
Cuddalore,497429.0,193499.881,11938.295999999998,98988.371,260780.0,68845.92,3911.7000000000003,178895.08000000002
Nagapattinam,399016.0,178360.15200000003,12768.512000000002,124492.992,118724.0,36804.44,2849.3759999999997,82750.62800000001
Thiruvarur,321331.0,143956.288,13174.570999999998,101219.265,86848.0,24230.591999999997,1476.4160000000002,63225.344
Thanjavur,479070.0,206479.17,21558.15,137972.16,274302.0,78724.674,5486.04,205177.89599999998
Pudukkottai,399712.0,157886.24,16787.904000000002,70749.02399999999,104229.0,26161.479000000003,1667.6640000000002,72230.697
Sivaganga,309224.0,98024.00799999999,9276.72,73904.536,143193.0,31502.46,2004.7019999999998,112406.505
Madurai,417718.0,134087.478,8772.078000000001,86467.626,592723.0,102541.07900000001,4741.784000000001,502629.104
Theni,189328.0,66643.456,3975.888,46953.344000000005,221295.0,66167.205,2876.835,115073.40000000001
Virudhunagar,363782.0,98221.14,6184.294000000001,53112.172000000006,370942.0,71591.80600000001,3338.478,173971.798
Ramanathapuram,290478.0,99924.432,8714.34,65357.55,126761.0,31817.011000000002,2028.1760000000002,89493.266
Thoothukkudi,336078.0,112586.13,6721.56,94773.996,300661.0,69753.352,3908.593,219783.191
Tirunelveli,547962.0,166032.486,8767.392000000002,181923.38400000002,516705.0,129692.955,5683.755,325007.445
Kanniyakumari,104253.0,37114.06800000001,2814.8310000000006,86634.24299999999,493788.0,162950.04,14813.64,436508.59200000006
Dharmapuri,396819.0,131347.089,9920.475,42459.633,91107.0,20954.61,1457.7120000000002,53753.130000000005
Krishnagiri,437988.0,143222.07600000003,9635.736,84093.696,142552.0,26087.016000000003,855.312,111618.216
Coimbatore,284795.0,78033.83,4556.72,94836.735,884957.0,213274.63700000005,7079.656000000001,689381.5030000001
Tiruppur,356886.0,98500.536,6067.062,110277.774,538022.0,126973.19200000001,3766.1539999999995,403516.5
Pondicherry,87296.0,27847.424,2269.696,31251.967999999997,203741.0,38710.79,2444.892,168086.325
Karaikal,35618.0,13107.423999999999,747.9780000000001,16954.168,33715.0,7080.150000000001,404.58,25083.96
North  and Middle Andaman,39091.0,17317.313,1055.457,18763.68,1094.0,611.546,72.204,613.734
South Andaman,34901.0,11691.835000000001,1221.535,22580.947000000004,50631.0,10835.034,607.572,44454.018
